base,model name,"Total 
Params (B)","Active
Params (B)","n-grams
Params (B)","model 
size (GB)","Weights
Quantization","KV cache
quantization",engine,"Nb
GPU",License,Model ref,Score /100,Duration,Requests,req/pts,in Mtok,out Mtok,"total
TG/s ","parallel
tasks","TG/s per
task","total
cost $","gen tok
/req"
Gemma-4-26B-A4B-it,Gemma-4-26B-A4B-it,26,4,0,52,BF16,BF16,vLLM,2,Apache 2.0,ST-gemma-4-26B-A4B-it_48GB_vLLM_2GPU_48,57,02:20:04,6258,110,195,"2,20",262,5,52,"0,33",352
Gemma-4-26B-A4B-it,Gemma-4-26B-A4B-it,26,4,0,52,BF16,FP8,vLLM,1,Apache 2.0,ST-gemma-4-26B-A4B-it_48GB_vLLM_1GPU_96 no mtp,56,04:24:25,6953,124,227,"2,27",143,5,29,"0,62",326
,,,,,,,,,,,,,,,,,,,,,,
Qwen3.5-35B-A3B,Qwen3.5-35B-A3B,35,3,0,65,BF16,FP8,SGLANG,1,Apache 2.0,ST-Qwen3.5-35B-A3B_66GB_SGLANG_1GPU_96,68,01:10:07,7551,111,224,"1,73",411,5,82,"0,16",229
Qwen3.5-35B-A3B,Ornith-1.0-35B,35,3,0,65,BF16,BF16,SGLANG,1,Apache 2.0,ST-Ornith-1.0-35B_65GB_SGLANG_1GPU_96,75,02:00:40,8323,111,284,"2,20",304,5,61,"0,28",264
Qwen3.5-35B-A3B,Ornith-1.5-35B,35,3,0,66,BF16,FP8,SGLANG,2,Apache 2.0,ST-Ornith-1.5-35B-A3B_66GB_SGLANG_2GPU_48,80,04:03:52,5715,71,227,"4,14",283,5,57,"0,57",
Qwen3.5-35B-A3B,GRM-3.2-Sky,35,3,0,65,BF16,BF16,SGLANG,1,Apache 2.0,ST-GRM-3.2-Sky_65GB_SGLANG_1GPU_96,71,02:05:24,8729,123,318,"2,34",311,5,62,"0,29",268
Qwen3.6-35B-A3B,Qwen3.6-35B-A3B,35,3,0,37,FP8,BF16,SGLANG,1,Apache 2.0,ST-Qwen3.6-35B-A3B-FP8_34GB_SGLANG_1GPU_96,57,00:51:54,6004,105,153,"1,50",482,5,96,"0,12",250
Qwen3.6-35B-A3B,Qwen3.6-35B-A3B,35,3,0,67,BF16,BF16,SGLANG,1,Apache 2.0,ST-Qwen3.6-35B-A3B_66GB_SGLANG_1GPU_96,66,01:07:44,6700,102,199,"1,70",418,5,84,"0,16",254
Qwen3.6-35B-A3B,Qwen3.6-35B-A3B,35,3,0,67,BF16,FP8,SGLANG,1,Apache 2.0,ST-Qwen3.6-35B-A3B_66GB_SGLANG_1GPU_96,66,01:04:48,6276,95,169,"1,58",406,5,81,"0,15",252
Qwen3.6-35B-A3B,KAT-Coder-V2.5-Dev,35,3,0,67,BF16,BF16,SGLANG,1,Apache 2.0,ST-KAT-Coder-V2.5-Dev_64GB_SGLANG_1GPU_96,64,01:22:18,3526,55,114,"1,57",318,5,64,"0,19",445
,,,,,,,,,,,,,,,,,,,,,,
Qwen3.6-27B,Qwen3.6-27B,27,27,0,31,FP8,BF16,SGLANG,1,Apache 2.0,ST-Qwen3.6-27B-FP8_28GB_SGLANG_1GPU_96,68,01:24:24,5029,74,112,"1,40",276,5,55,"0,20",278
Qwen3.6-27B,Qwen3.6-27B,27,27,0,31,FP8,FP8,SGLANG,1,Apache 2.0,ST-Qwen3.6-27B-FP8_28GB_SGLANG_1GPU_96,68,01:44:20,5377,79,141,"1,60",256,5,51,"0,24",298
Qwen3.6-27B,Qwen3.6-27B,27,27,0,31,FP8,FP8,SGLANG,2,Apache 2.0,ST-Qwen3.6-27B-FP8_28GB_SGLANG_2GPU_48,72,01:38:11,5314,74,132,"1,58",268,5,54,"0,23",297
Qwen3.6-27B,Qwen3.6-27B-heretic-v2,27,27,0,52,BF16,BF16,SGLANG,1,Apache 2.0,ST-Qwen3.6-27B-heretic-v2_51GB_SGLANG_1GPU_96,70,01:55:51,5355,77,139,"1,57",226,5,45,"0,27",293
Qwen3.6-27B,Qwen3.6-27B-heretic-v2,27,27,0,52,BF16,FP8,SGLANG,1,Apache 2.0,ST-Qwen3.6-27B-heretic-v2_51GB_SGLANG_1GPU_96,70,01:53:00,5367,77,136,"1,62",239,5,48,"0,26",302
Qwen3.6-27B,Qwen3.6-27B-heretic-v2,27,27,0,52,BF16,FP8,SGLANG,2,Apache 2.0,ST-Qwen3.6-27B-heretic-v2_51GB_SGLANG_2GPU_48,73,02:10:32,5455,75,143,"1,66",212,5,42,"0,30",304
Qwen3.6-27B,Qwen3.6-27B,27,27,0,52,BF16,BF16,SGLANG,1,Apache 2.0,ST-Qwen3.6-27B_51GB_SGLANG_1GPU_96,69,01:56:28,5240,76,130,"1,50",215,5,43,"0,27",286
Qwen3.6-27B,Qwen3.6-27B,27,27,0,52,BF16,BF16,SGLANG,2,Apache 2.0,ST-Qwen3.6-27B_51GB_SGLANG_2GPU_48,75,02:25:28,5248,70,126,"1,53",175,5,35,"0,34",292
Qwen3.6-27B,Qwen3.6-27B,27,27,0,52,BF16,FP8,SGLANG,1,Apache 2.0,ST-Qwen3.6-27B_51GB_SGLANG_1GPU_96,69,01:49:12,5248,76,120,"1,52",232,5,46,"0,25",290
Qwen3.6-27B,Qwen3.6-27B,27,27,0,52,BF16,FP8,SGLANG,1,Apache 2.0,ST-Qwen3.6-27B_51GB_SGLANG_1GPU_96,69,01:39:53,5153,75,123,"1,38",230,5,46,"0,23",268
Qwen3.6-27B,Qwen3.6-27B,27,27,0,52,BF16,FP8,SGLANG,1,Apache 2.0,ST-Qwen3.6-27B_51GB_SGLANG_1GPU_96,69,01:40:45,5099,74,122,"1,41",233,5,47,"0,24",277
Qwen3.6-27B,Qwen3.6-27B,27,27,0,52,BF16,FP8,SGLANG,2,Apache 2.0,ST-Qwen3.6-27B_51GB_SGLANG_2GPU_48,75,02:00:55,5364,72,129,"1,52",210,5,42,"0,28",283
Qwen3.6-27B,Qwen3.6-27B,27,27,0,52,BF16,FP8,SGLANG,2,Apache 2.0,ST-Qwen3.6-27B_51GB_SGLANG_2GPU_48,74,02:04:17,5289,71,129,"1,57",211,5,42,"0,29",297
Qwen3.6-27B,Qwen3.6-27B,27,27,0,52,BF16,FP8,vLLM,1,Apache 2.0,ST-Qwen3.6-27B_51GB_vLLM_1GPU_96,76,02:29:58,5154,68,113,"1,4",156,5,31,"0,35",272
Qwen3.6-27B,ThinkingCap-Qwen3.6-27B,27,27,0,52,BF16,BF16,SGLANG,1,Apache 2.0,ST-ThinkingCap-Qwen3.6-27B_51GB_SGLANG_1GPU_96,69,01:40:17,4657,67,106,"1,3",216,5,43,"0,23",279
Qwen3.6-27B,ThinkingCap-Qwen3.6-27B,27,27,0,52,BF16,FP8,SGLANG,1,Apache 2.0,ST-ThinkingCap-Qwen3.6-27B_51GB_SGLANG_1GPU_96,69,01:19:55,4331,63,86,"1,11",231,5,46,"0,19",256
Qwen3.6-27B,ThinkingCap-Qwen3.6-27B,27,27,0,52,BF16,FP8,SGLANG,2,Apache 2.0,ST-ThinkingCap-Qwen3.6-27B_51GB_SGLANG_2GPU_48,66,01:30:22,4420,67,87,"1,18",218,5,44,"0,21",267
,,,,,,,,,,,,,,,,,,,,,,
Qwen3.8-27B,Qwen3.8-27B-medium,27,27,0,52,BF16,BF16,SGLANG,1,Apache 2.0,ST-Qwen3.8-27B_51GB_SGLANG_1GPU_96,81,01:23:10,2700,33,50,"1,04",208,5,42,"0,19",385
Qwen3.8-27B,Qwen3.8-27B-medium,27,27,0,52,BF16,BF16,vLLM,1,Apache 2.0,ST-Qwen3.8-27B_51GB_vLLM_1GPU_96,77,01:53:24,2671,35,44,"0,97",143,5,29,"0,26",363
Qwen3.8-27B,Qwen3.8-27B-FP8-medium,27,27,0,28,FP8,BF16,SGLANG,1,Apache 2.0,ST-Qwen3.8-27B-FP8_28GB_SGLANG_1GPU_96,78,00:59:37,2853,37,53,"1,09",305,5,61,"0,14",382
Qwen3.8-27B,Qwen3.8-27B-FP8-medium,27,27,0,28,FP8,BF16,vLLM,1,Apache 2.0,ST-Qwen3.8-27B-FP8_28GB_vLLM_1GPU_96,75,01:29:41,2761,37,52,"1,00",186,5,37,"0,21",362
Qwen3.8-27B,Qwen3.8-27B-FP8-medium,27,27,0,28,FP8,FP8,SGLANG,2,Apache 2.0,ST-Qwen3.8-27B-FP8_28GB_SGLANG_2GPU_48,76,01:04:08,2652,35,43,"1,00",260,5,52,"0,15",377
Qwen3.8-27B,Qwen3.8-27B-FP8-medium,27,27,0,28,FP8,FP8,SGLANG,2,Apache 2.0,ST-Qwen3.8-27B-FP8_28GB_SGLANG_2GPU_48,75,01:17:52,2842,38,52,"1,14",244,5,49,"0,18",401
Qwen3.8-27B,Qwen3.8-27B-NVFP4-medium,27,27,0,20,NVFP4,FP8,SGLANG,1,Apache 2.0,ST-Qwen3.8-27B-NVFP4_20GB_SGLANG_1GPU_96,76,00:43:20,2962,39,61,"1,02",392,5,78,"0,10",344
Qwen3.8-27B,Qwen3.8-27B-NVFP4-xhigh,27,27,0,20,NVFP4,FP8,SGLANG,1,Apache 2.0,ST-Qwen3.8-27B-NVFP4_20GB_SGLANG_1GPU_96,76,02:57:34,4787,63,220,"4,03",378,5,76,"0,41",842
Qwen3.8-27B,Qwen3.8-27B-FP8-xhigh,27,27,0,28,FP8,BF16,SGLANG,1,Apache 2.0,ST-Qwen3.8-27B-FP8_28GB_SGLANG_1GPU_96,74,03:34:05,4734,64,197,"3,66",285,5,57,"0,50",773
Qwen3.8-27B,Qwen3.8-27B-FP8-xhigh,27,27,0,28,FP8,FP8,SGLANG,1,Apache 2.0,ST-Qwen3.8-27B-FP8_28GB_SGLANG_1GPU_96,78,03:32:06,4554,58,199,"3,67",288,5,58,"0,49",806
Qwen3.8-27B,Qwen3.8-27B-xhigh,27,27,0,52,BF16,FP8,vLLM,1,Apache 2.0,ST-Qwen3.8-27B_51GB_vLLM_1GPU_96,75,06:17:06,4738,63,201,"3,91",173,5,35,"0,88",825
Qwen3.8-27B,Qwen3.8-27B-xhigh,27,27,0,52,BF16,BF16,SGLANG,1,Apache 2.0,ST-Qwen3.8-27B_51GB_SGLANG_1GPU_96,81,10:13:13,4610,57,196,"3,67",100,5,20,"1,43",796
Qwen3.8-27B,Qwen3.8-27B-NVFP4-medium,27,27,0,20,NVFP4,INT8,NINFER,1,Apache 2.0,NINFER-Qwen3.8-27B-nvfp4_20GB_1GPU_96,81,02:14:08,4178,52,144,"3,08",383,5,77,"0,31",737
Qwen3.8-27B,Huihui-Qwen3.8-27B-abliterated-FP8,27,27,0,28,FP8,FP8,SGLANG,2,Apache 2.0,ST-Huihui-Qwen3.8-27B-abliterated-FP8_28GB_SGLANG_2GPU_48,80,01:33:01,3134,39,70,"1,24",222,5,44,"0,22",396
Qwen3.8-27B,Qwen3.8-27B-heretic-ara-INT8-W8A16-MTP,27,27,0,29,INT8-W8A16,FP8,SGLANG,2,Apache 2.0,ST-Qwen3.8-27B-heretic-ara-INT8-W8A16-MTP_29GB_SGLANG_2GPU_48,80,02:00:57,3018,38,81,"1,59",219,5,44,"0,28",527
,,,,,,,,,,,,,,,,,,,,,,
Muse-Glimmer-30B,Muse-Glimmer-30B,30,30,0,55,BF16,BF16,SGLANG,1,Apache 2.0,ST-Muse-Glimmer-30B_55GB_SGLANG_1GPU_96,74,01:53:30,8526,115,253,"1,96",288,5,58,"0,26",230
Muse-Glimmer-30B,Muse-Glimmer-30B,30,30,0,55,BF16,BF16,SGLANG,1,Apache 2.0,ST-Muse-Glimmer-30B_55GB_SGLANG_1GPU_96,73,02:04:30,8939,122,283,"2,02",270,5,54,"0,29",226
Muse-Glimmer-30B,Muse-Glimmer-30B,30,30,0,55,BF16,BF16,SGLANG,1,Apache 2.0,ST-Muse-Glimmer-30B_55GB_SGLANG_1GPU_96,74,01:48:16,8826,119,261,"2,00",308,5,62,"0,25",227
Muse-Glimmer-30B,Muse-Glimmer-30B-heretic,30,30,0,55,BF16,BF16,SGLANG,1,Apache 2.0,ST-Muse-Glimmer-30B-heretic_55GB_SGLANG_1GPU_96,75,01:45:13,9502,127,303,"1,97",312,5,62,"0,25",207
Muse-Glimmer-30B,Muse-Glimmer-30B-heretic,30,30,0,55,BF16,BF16,SGLANG,1,Apache 2.0,ST-Muse-Glimmer-30B-heretic_55GB_SGLANG_1GPU_96,74,01:41:55,9249,125,289,"1,89",309,5,62,"0,24",204
,,,,,,,,,,,,,,,,,,,,,,
Gemma-4-31B-it,Gemma-4-31B-it,31,31,0,58,BF16,BF16,vLLM,1,Apache 2.0,ST-gemma-4-31B-it_58GB_vLLM_1GPU_96,69,01:19:30,3424,50,51,"0,90",189,5,38,"0,19",263
Gemma-4-31B-it,Gemma-4-31B-it,31,31,0,58,BF16,FP8,vLLM,1,Apache 2.0,ST-gemma-4-31B-it_58GB_vLLM_1GPU_96,69,01:24:55,3545,51,61,"1,06",208,5,42,"0,20",299
Gemma-4-31B-it,Gemma-4-31B-it,31,31,0,31,FP8,BF16,vLLM,1,Apache 2.0,ST-gemma-4-31B-it-FP8-dynamic_31GB_vLLM_1GPU_96,71,00:58:24,3546,50,56,"0,95",271,5,54,"0,14",268
Gemma-4-31B-it,Gemma-4-31B-it,31,31,0,31,FP8,FP8,vLLM,1,Apache 2.0,ST-gemma-4-31B-it-FP8-dynamic_31GB_vLLM_1GPU_96,71,00:56:33,3815,54,67,"1,03",304,5,61,"0,13",270
Gemma-4-31B-it,Gemma-4-31B-it,31,31,0,31,FP8,FP8,vLLM,1,Apache 2.0,ST-gemma-4-31B-it-FP8-dynamic_31GB_vLLM_1GPU_96,71,01:01:16,3823,54,66,"1,02",277,5,55,"0,14",267
Gemma-4-31B-it,Gemma-4-31B-it,31,31,0,31,FP8,FP8,SGLANG,1,Apache 2.0,ST-gemma-4-31B-it-FP8-dynamic_31GB_SGLANG_1GPU_96,71,01:22:05,3250,46,47,"1,02",207,5,41,"0,19",314
Gemma-4-31B-it,Gemma-4-31B-it,31,31,0,31,FP8,FP8,SGLANG,2,Apache 2.0,ST-gemma-4-31B-it-FP8-dynamic_31GB_SGLANG_2GPU_48,72,01:15:42,3250,45,50,"0,97",214,5,43,"0,18",298
Gemma-4-31B-it,Gemma-4-31B-it,31,31,0,18,NVFP4,BF16,vLLM,1,Apache 2.0,ST-gemma-4-31B-it-NVFP4-turbo_18GB_vLLM_1GPU_96,70,01:02:16,3318,47,53,"1,00",268,5,54,"0,15",301
,,,,,,,,,,,,,,,,,,,,,,
Qwen3.5-122B-A10B,Qwen3.5-122B-A10B,122,10,0,76,NVFP4,BF16,vLLM,1,Apache 2.0,ST-Qwen3.5-122B-A10B-NVFP4_77GB_vLLM_1GPU_96,68,03:45:49,7696,113,223,"1,68",124,5,25,"0,53",218
,,,,,,,,,,,,,,,,,,,,,,
Qwen3.8-Flash-Next,Qwen3.8-Flash-Next-medium,125,6,51,127,NVFP4,FP8,SGLANG,1,Qwen Community License 1.0,ST-Qwen3.8-Flash-Next-NVFP4_127GB_SGLANG_1GPU_96,91,01:03:56,2653,29,44,"0,88",229,4,57,"0,15",332
Qwen3.8-Flash-Next,Qwen3.8-Flash-Next-NVFP4-uncensored,125,6,51,127,NVFP4,FP8,SGLANG,1,Qwen Community License 1.0,ST-Qwen3.8-Flash-Next-NVFP4-uncensored_125GB_SGLANG_1GPU_96,76,00:48:13,2484,33,49,"1,00",346,4,86,"0,11",403
Qwen3.8-Flash-Next,Qwen3.8-Flash-Next-xhigh,125,6,51,127,NVFP4,FP8,SGLANG,1,Qwen Community License 1.0,ST-Qwen3.8-Flash-Next-NVFP4_127GB_SGLANG_1GPU_96,91,01:39:59,3639,40,90,"1,67",278,4,70,"0,23",459
,,,,,,,,,,,,,,,,,,,,,,
MiniMax-M2.7,MiniMax-M2.7,230,10,0,131,Q4_K_M,BF16,llama.cpp,3,Non-commercial MIT,GGUF-MiniMax-M2.7-Q4_K_M_130GB_3GPU_local,79,06:25:00,4079,52,72,"1,10",48,1,48,"0,90",270
MiniMax-M2.7,MiniMax-M2.7,230,10,0,131,Q4_K_M,Q8_0,llama.cpp,3,Non-commercial MIT,GGUF-MiniMax-M2.7-Q4_K_M_130GB_3GPU_local,79,07:18:49,3935,50,68,"1,14",43,1,43,"1,02",290
,,,,,,,,,,,,,,,,,,,,,,
Deepseek v4 flash,Deepseek v4 flash 3107 high,284,13,0,145,MXFP4,BF16,llama.cpp,3,MIT ,GGUF-DeepSeek-V4-Flash-0731-MXFP4_145GB_3GPU_local,81,04:44:12,2714,34,62,"1,07",63,1,63,"0,66",394
Deepseek v4 flash,Deepseek v4 flash 3107 high,284,13,0,145,MXFP4,BF16,llama.cpp,3,MIT ,GGUF-DeepSeek-V4-Flash-0731-MXFP4_145GB_3GPU_local,81,04:33:35,2747,34,56,"1,02",62,1,62,"0,64",371
Deepseek v4 flash,Deepseek v4 flash 3107 high HuiHui abliterated,284,13,0,145,MXFP4,BF16,llama.cpp,3,MIT ,GGUF-Huihui-DeepSeek-V4-Flash-0731-abliterated-MXFP4_145GB_3GPU_local,80,05:25:44,2925,37,66,"1,27",65,1,65,"0,76",434
Deepseek v4 flash,Deepseek v4 flash 3107 high HuiHui abliterated,284,13,0,145,MXFP4,BF16,llama.cpp,3,MIT ,GGUF-Huihui-DeepSeek-V4-Flash-0731-abliterated-MXFP4_145GB_3GPU_local,80,06:39:20,3195,40,84,"1,51",63,1,63,"0,93",473
Deepseek v4 flash,Deepseek v4 flash 3107 high,284,13,0,90,Q2_K_XL,BF16,llama.cpp,3,MIT ,GGUF-DeepSeek-V4-Flash-0731-Q2_K_XL_90GB_3GPU_local,92,06:48:37,4606,50,138,"1,49",61,1,61,"0,95",323
Deepseek v4 flash,Deepseek v4 flash 3107 high,284,13,0,90,Q2_K_XL,BF16,llama.cpp,3,MIT ,GGUF-DeepSeek-V4-Flash-0731-Q2_K_XL_90GB_3GPU_local,92,09:07:25,4649,51,135,"1,47",45,1,45,"1,28",316
Deepseek v4 flash,Deepseek v4 flash 3107 high,284,13,0,119,Q3_K_XL,BF16,llama.cpp,3,MIT ,GGUF-DeepSeek-V4-Flash-0731-Q3_K_XL_119GB_3GPU_local,90,05:50:00,3793,42,98,"1,34",64,1,64,"0,82",353
Deepseek v4 flash,Deepseek v4 flash 3107 high,284,13,0,150,Q8_K_XL,BF16,llama.cpp,3,MIT ,GGUF-DeepSeek-V4-Flash-0731-Q8_K_XL_150GB_3GPU_local,90,06:25:20,3748,42,92,"1,3",56,1,56,"0,90",347
,,,,,,,,,,,,,,,,,,,,,,
Hy3,Hy3,295,21,0,?,?,?,API,n/a,Apache 2.0,openrouter/tencent/hy3:free,70,01:14:45,2516,36,41,"0,82",183,5,37,,326
Hy3,Hy3,295,21,0,?,?,?,API,n/a,Apache 2.0,openrouter/tencent/hy3:free,70,01:09:26,2676,38,40,"0,62",149,5,30,,232
Hy3,Hy3,295,21,0,110,IQ3_XXS,Q8_0,llama.cpp,3,Apache 2.0,GGUF-Hy3-IQ3_XXS_109GB_3GPU_local,,,,,,,,,,,
,,,,,,,,,,,,,,,,,,,,,,
MiMo-V2.5,MiMo-V2.5,310,15,0,310,FP8,?,API,n/a,MIT ,openrouter/xiaomi/mimo-v2.5,70,02:00:32,4308,62,136,"2,07",286,5,57,"2,20",481
MiMo-V2.5,MiMo-V2.5,310,15,0,310,Q3_K_XL,Q8_0,llama.cpp,3,MIT ,GGUF-MiMo-V2.5-Q3_K_XL_138GB_3GPU_local,,,,,,,,,,,
,,,,,,,,,,,,,,,,,,,,,,
GLM 5.2,GLM 5.2,753,40,0,756,FP8,?,API,n/a,MIT ,openrouter/z-ai/glm-5.2,80,02:22:57,3463,43,74,"1,03",120,5,24,"18,50",297
GLM 5.2,GLM 5.2,753,40,0,756,FP8,?,API,n/a,MIT ,openrouter/z-ai/glm-5.2,80,02:03:07,3261,41,62,"0,99",134,5,27,"7,44",304
Deepseek v4 pro,Deepseek v4 pro,1600,49,0,865,FP8,?,API,n/a,MIT ,openrouter/deepseek/deepseek-v4-pro,80,01:19:50,4024,50,112,"1,4",292,5,58,"2,45",348
Deepseek v4 pro,Deepseek v4 pro,1600,49,0,865,FP8,?,API,n/a,MIT ,openrouter/deepseek/deepseek-v4-pro,80,01:29:00,4084,51,113,"1,45",272,5,54,"2,38",355
Qwen 3.7 max,Qwen 3.7 max,?,?,?,?,?,?,API,n/a,proprietary,openrouter/qwen/qwen3.7-max,70,02:36:27,5599,80,123,"1,8",192,5,38,"60,70",321
