base,variant,wq,cq,score,requests,request_time_seconds,wall_time_seconds,input_tokens,output_tokens,req/pt
DeepSeek-V4-Flash,3107-high-run2,MXFP4,BF16,79,2714,30904.8,17036.4,62220237,1066960,34.4
DeepSeek-V4-Flash,3107-high-run2,Q2KXL,BF16,92,4606,43632.2,24494.9,138290637,1491822,50.1
DeepSeek-V4-Flash,3107-high,MXFP4,BF16,85,2741,29811.0,16397.8,55698346,1018505,32.2
DeepSeek-V4-Flash,3107-high,Q2KXL,BF16,88,4639,60546.4,32826.5,134957385,1465967,52.7
DeepSeek-V4-Flash,3107-high,Q3KXL,FP16,90,3792,37322.5,20982.8,98248434,1342449,42.1
DeepSeek-V4-Flash,3107-high,Q8KXL,FP16,90,3748,41064.3,23103.0,92459641,1304201,41.6
DeepSeek-V4-Flash,HuiHui-abliterated-run2,MXFP4,BF16,81,3189,44863.9,23944.6,84056945,1506408,39.4
DeepSeek-V4-Flash,HuiHui-abliterated,MXFP4,BF16,80,2925,35901.8,19529.1,65905929,1226730,36.6
DeepSeek-V4-Flash,Vision-Exp-medium,Q3KXL,BF16,81,4219,65365.4,41139.6,143424428,2253255,52.1
DeepSeek-V4-Pro,API,,,77,4083,22043.9,5315.9,104285449,1397065,53.0
GLM-5.2,API,,,76,3257,30438.3,7371.0,61965459,991612,42.9
Gemma-4-26B-A4B,chattemplate-072026,BF16,FP8,54,6807,76183.7,15852.4,218727546,2168468,126.1
Gemma-4-31B-it,FP8-dynamic-chattemplate-072026,BF16,FP8,72,3245,20904.6,4527.9,49983964,970421,45.1
Gemma-4-31B-it,FP8-dynamic-chattemplate-072026,FP8,FP8,69,3823,14493.1,3625.4,65654464,1026163,55.4
Gemma-4-31B-it,FP8-dynamic,FP8,BF16,67,3811,15612.2,3480.8,62958380,1001705,56.9
Gemma-4-31B-it,FP8-dynamic,FP8,FP8,71,3613,12937.0,3326.7,56144056,966445,50.9
Gemma-4-31B-it,notag,BF16,BF16,73,3614,21988.4,4800.9,57625012,990286,49.5
Gemma-4-31B-it,notag,BF16,FP8,72,3583,22782.8,5060.5,61238493,1061690,49.8
Hy3,API,,,70,2675,15410.3,4145.9,39731079,614888,38.2
MiMo-V2.5,API,,,70,4248,30381.3,6855.0,132485698,1819076,60.7
MiniMax-M2.7,notag,Q4,FP8,77,3915,22106.5,26305.3,67710194,1130193,50.8
Muse-Glimmer-30B,heretic-run2,BF16,BF16,73,9236,27053.8,6103.6,285249595,1888461,126.5
Muse-Glimmer-30B,heretic,BF16,BF16,75,9501,27650.9,6302.0,303053288,1966719,126.7
Muse-Glimmer-30B,notag-run2,BF16,BF16,75,8937,33507.1,7458.9,282923991,2021636,119.2
Muse-Glimmer-30B,notag-run3,BF16,BF16,76,8823,28633.1,6484.4,261058851,1993927,116.1
Muse-Glimmer-30B,notag,BF16,BF16,74,8505,30246.6,6798.5,252350785,1959681,114.9
Qwen3.5-122B-A10B,UD-Q4-XL,Q4,BF16,70,7566,14452.0,30276.6,235962051,1790015,108.1
Qwen3.5-35B-A3B,GRM-3.2-Sky,BF16,BF16,71,8725,31246.6,7515.1,318195405,2338550,122.9
Qwen3.5-35B-A3B,Ornith-1.0,BF16,BF16,74,8299,34272.6,9301.5,282074458,2153732,112.1
Qwen3.5-35B-A3B,Ornith-1.5,BF16,FP8,80,5656,70551.6,16420.0,225591490,3997306,70.7
Qwen3.5-35B-A3B,notag,BF16,FP8,68,7546,17172.3,4197.9,224059439,1731782,111.0
Qwen3.6-27B,SGLANG-1GPU-bis,BF16,FP8,71,5089,27158.5,6031.6,121519994,1410703,71.7
Qwen3.6-27B,SGLANG-1GPU,BF16,FP8,72,5146,26737.7,5979.7,122614151,1378066,71.5
Qwen3.6-27B,SGLANG-2GPU,BF16,BF16,72,5228,39995.9,8713.4,125459788,1513929,72.6
Qwen3.6-27B,SGLANG-2GPU,BF16,FP8,75,5344,32894.8,7238.0,128258117,1519260,71.3
Qwen3.6-27B,SGLANG-2GPU,FP8,FP8,72,5285,26621.7,5876.9,130751539,1566175,73.4
Qwen3.6-27B,ThinkingCap,BF16,FP8,69,4283,21544.3,4780.4,85633673,1107029,62.1
Qwen3.6-27B,VLLM-1GPU,BF16,FP8,76,5148,41616.3,8974.4,113034819,1401637,67.7
Qwen3.6-27B,heretic-v2-2GPU,BF16,FP8,73,5430,35866.8,7817.0,142494468,1657373,74.4
Qwen3.6-27B,heretic-v2,BF16,FP8,70,5341,30311.4,6764.9,135467979,1612164,76.3
Qwen3.6-35B-A3B,KAT-Coder-V2.5-Dev,BF16,BF16,52,3521,19576.2,4928.0,113820621,1565594,67.7
Qwen3.6-35B-A3B,notag,BF16,FP8,60,6186,13785.2,3875.5,167665416,1561717,103.1
Qwen3.8-27B,ninfer-medium-250k,NVFP4,INT8,81,4129,32975.3,8033.2,142786198,2725063,51.0
Qwen3.8-27B,sglang-medium-2gpu-heretic,INT8,FP8,80,3005,30833.9,7242.7,80577588,1581566,37.6
Qwen3.8-27B,sglang-medium-2gpu-huihuiablit,FP8,FP8,80,3129,21295.1,5560.0,69447263,1236463,39.1
Qwen3.8-27B,sglang-medium-2gpu-run2,FP8,FP8,79,2835,19349.1,4656.5,51628890,1139662,35.9
Qwen3.8-27B,sglang-medium-2gpu,FP8,FP8,76,2651,16363.2,3834.3,43043406,952200,34.9
Qwen3.8-27B,sglang-medium,BF16,BF16,81,2814,22462.0,6722.5,51806995,1098080,34.7
Qwen3.8-27B,sglang-medium,FP8,BF16,77,2853,15370.3,3564.2,53002775,1085472,37.1
Qwen3.8-27B,sglang-medium,NVFP4,FP8,76,2961,10376.3,2588.5,61404583,1017266,39.0
Qwen3.8-27B,sglang-xhigh-150k,FP8,BF16,82,4725,55506.7,12829.1,196643918,3619595,57.6
Qwen3.8-27B,sglang-xhigh-250k,BF16,BF16,83,4597,67447.0,36771.5,195403671,3567752,55.4
Qwen3.8-27B,sglang-xhigh-250k,FP8,FP8,83,4549,53317.7,12708.1,198573340,3674392,54.8
Qwen3.8-27B,sglang-xhigh-250k,NVFP4,FP8,83,4780,44865.0,10639.8,218702531,3962885,57.6
Qwen3.8-27B,vllm-medium,BF16,BF16,77,2667,29736.7,6725.1,43654288,969975,34.6
Qwen3.8-27B,vllm-medium,FP8,BF16,74,2760,23821.4,5291.0,51609219,1000192,37.3
Qwen3.8-27B,vllm-xhigh-250k,BF16,FP8,82,4716,103177.6,22605.8,201210642,3908759,57.5
Qwen3.8-Flash-Next,medium-frogeric,NFP4,FP8,89,3017,19389.5,5012.1,50349241,960605,33.9
Qwen3.8-Flash-Next,medium-none,NFP4,FP8,84,2587,9116.0,2620.2,37395847,849479,30.8
Qwen3.8-Flash-Next,medium-run2,AWQW4A16,BF16,89,2134,15087.6,3754.1,24696603,694250,24.0
Qwen3.8-Flash-Next,medium-run2,NFP4,BF16,89,2785,8145.4,4072.3,43994884,873843,31.3
Qwen3.8-Flash-Next,medium-run3,AWQW4A16,BF16,86,2225,9987.6,2605.7,27082778,711524,25.9
Qwen3.8-Flash-Next,medium-sharp,NFP4,FP8,86,2902,10423.5,3261.1,49936801,972203,33.7
Qwen3.8-Flash-Next,medium,AWQW4A16,BF16,84,2306,15964.5,4058.9,31187063,785406,27.5
Qwen3.8-Flash-Next,medium,NFP4,BF16,89,2551,6919.1,3531.3,33590526,817972,28.7
Qwen3.8-Flash-Next,medium,NFP4,FP8,90,2622,8048.6,3809.9,42054840,864900,29.1
Qwen3.8-Flash-Next,nvidia,NFP4,FP8,87,2688,9207.0,4127.1,39370941,880602,30.9
Qwen3.8-Flash-Next,uncensored,NFP4,FP8,75,2484,11365.5,2882.2,49473790,995130,33.1
Qwen3.8-Flash-Next,vllm-pin0-medium,AWQW4A16,BF16,88,2384,14428.0,3688.1,31933972,793262,27.1
Qwen3.8-Flash-Next,vllmspeed-medium,AWQW4A16,BF16,86,2277,10020.9,2797.4,28611696,717090,26.5
Qwen3.8-Flash-Next,vllmspeed-pin128-medium,AWQW4A16,BF16,86,2264,11867.9,3183.7,29478514,717711,26.3
Qwen3.8-Flash-Next,xhigh-run2,AWQW4A16,BF16,97,3670,28510.3,8194.2,89263047,1532054,37.8
Qwen3.8-Flash-Next,xhigh,AWQW4A16,BF16,95,3536,27116.0,12811.8,77652960,1465073,37.2
Qwen3.8-Flash-Next,xhigh,NFP4,FP8,93,3598,17650.7,5987.7,88293286,1629692,38.7
